{
    "root_group": {
        "checks": {
            "status is 200": {
                "fails": 0,
                "name": "status is 200",
                "path": "::status is 200",
                "id": "6210a8cd14cd70477eba5c5e4cb3fb5f",
                "passes": 124575
            }
        },
        "name": "",
        "path": "",
        "id": "d41d8cd98f00b204e9800998ecf8427e",
        "groups": {}
    },
    "metrics": {
        "http_req_receiving": {
            "p(95)": 0.099921,
            "avg": 0.051864985310054144,
            "min": 0.012785,
            "med": 0.042842,
            "max": 2.551163,
            "p(90)": 0.079712
        },
        "http_req_duration": {
            "min": 199.122308,
            "med": 310.72529,
            "max": 557.733673,
            "p(90)": 508.14361679999996,
            "p(95)": 519.7198354999999,
            "avg": 341.4411313098018
        },
        "checks": {
            "passes": 124575,
            "fails": 0,
            "value": 1
        },
        "http_req_connecting": {
            "p(95)": 0,
            "avg": 0.002038672285771623,
            "min": 0,
            "med": 0,
            "max": 31.852272,
            "p(90)": 0
        },
        "http_req_tls_handshaking": {
            "med": 0,
            "max": 0,
            "p(90)": 0,
            "p(95)": 0,
            "avg": 0,
            "min": 0
        },
        "http_reqs": {
            "count": 124575,
            "rate": 777.7856863564697
        },
        "http_req_failed": {
            "passes": 0,
            "fails": 124575,
            "thresholds": {
                "rate<0.05": false
            },
            "value": 0
        },
        "http_req_waiting": {
            "avg": 341.376232346149,
            "min": 199.077903,
            "med": 310.651047,
            "max": 557.662608,
            "p(90)": 508.0789396,
            "p(95)": 519.6439358
        },
        "http_req_sending": {
            "med": 0.01031,
            "max": 6.241204,
            "p(90)": 0.017453,
            "p(95)": 0.021991299999999988,
            "avg": 0.01303397833433659,
            "min": 0.003517
        },
        "data_received": {
            "count": 17565075,
            "rate": 109667.78177626221
        },
        "vus_max": {
            "min": 500,
            "max": 500,
            "value": 500
        },
        "iteration_duration": {
            "min": 200.786091,
            "med": 310.877707,
            "max": 557.842681,
            "p(90)": 508.3130974,
            "p(95)": 519.8680298,
            "avg": 341.56381159275287
        },
        "http_req_blocked": {
            "max": 31.972347,
            "p(90)": 0.006071,
            "p(95)": 0.007263,
            "avg": 0.006820581023480142,
            "min": 0.001052,
            "med": 0.003607
        },
        "data_sent": {
            "count": 8595675,
            "rate": 53667.21235859641
        },
        "http_req_duration{expected_response:true}": {
            "avg": 341.4411313098018,
            "min": 199.122308,
            "med": 310.72529,
            "max": 557.733673,
            "p(90)": 508.14361679999996,
            "p(95)": 519.7198354999999
        },
        "vus": {
            "min": 4,
            "max": 500,
            "value": 8
        },
        "iterations": {
            "count": 124575,
            "rate": 777.7856863564697
        }
    }
}