{
    "root_group": {
        "name": "",
        "path": "",
        "id": "d41d8cd98f00b204e9800998ecf8427e",
        "groups": {},
        "checks": {
                "status is 200": {
                    "path": "::status is 200",
                    "id": "6210a8cd14cd70477eba5c5e4cb3fb5f",
                    "passes": 124538,
                    "fails": 0,
                    "name": "status is 200"
                }
            }
    },
    "metrics": {
        "data_received": {
            "count": 17559858,
            "rate": 109651.49726118562
        },
        "iterations": {
            "count": 124538,
            "rate": 777.670193341742
        },
        "http_req_receiving": {
            "avg": 0.053616557508551696,
            "min": 0.012904,
            "med": 0.044304,
            "max": 3.550657,
            "p(90)": 0.083519,
            "p(95)": 0.10454915
        },
        "http_req_waiting": {
            "avg": 341.4392638657173,
            "min": 199.432119,
            "med": 310.8307935,
            "max": 540.06213,
            "p(90)": 506.10855580000003,
            "p(95)": 511.87741685
        },
        "vus_max": {
            "max": 500,
            "value": 500,
            "min": 500
        },
        "http_req_duration{expected_response:true}": {
            "avg": 341.5060154635223,
            "min": 199.48027,
            "med": 310.8961615,
            "max": 540.13001,
            "p(90)": 506.1775393,
            "p(95)": 511.9416807
        },
        "http_req_tls_handshaking": {
            "avg": 0,
            "min": 0,
            "med": 0,
            "max": 0,
            "p(90)": 0,
            "p(95)": 0
        },
        "http_reqs": {
            "count": 124538,
            "rate": 777.670193341742
        },
        "http_req_sending": {
            "avg": 0.013135040292922616,
            "min": 0.003597,
            "med": 0.01049,
            "max": 1.321415,
            "p(90)": 0.017894,
            "p(95)": 0.022945349999999948
        },
        "checks": {
            "passes": 124538,
            "fails": 0,
            "value": 1
        },
        "http_req_connecting": {
            "min": 0,
            "med": 0,
            "max": 44.355779,
            "p(90)": 0,
            "p(95)": 0,
            "avg": 0.0021650055645666415
        },
        "data_sent": {
            "count": 8593122,
            "rate": 53659.2433405802
        },
        "vus": {
            "value": 9,
            "min": 4,
            "max": 500
        },
        "http_req_blocked": {
            "p(90)": 0.006222,
            "p(95)": 0.007585,
            "avg": 0.007048001300807995,
            "min": 0.001042,
            "med": 0.003657,
            "max": 44.452309
        },
        "iteration_duration": {
            "max": 540.223658,
            "p(90)": 506.29963050000003,
            "p(95)": 512.0575556,
            "avg": 341.6276879572333,
            "min": 200.779988,
            "med": 311.03387699999996
        },
        "http_req_failed": {
            "passes": 0,
            "fails": 124538,
            "thresholds": {
                "rate<0.05": false
            },
            "value": 0
        },
        "http_req_duration": {
            "avg": 341.5060154635223,
            "min": 199.48027,
            "med": 310.8961615,
            "max": 540.13001,
            "p(90)": 506.1775393,
            "p(95)": 511.9416807
        }
    }
}