{
    "root_group": {
        "name": "",
        "path": "",
        "id": "d41d8cd98f00b204e9800998ecf8427e",
        "groups": {},
        "checks": {
                "status is 200": {
                    "id": "6210a8cd14cd70477eba5c5e4cb3fb5f",
                    "passes": 124541,
                    "fails": 0,
                    "name": "status is 200",
                    "path": "::status is 200"
                }
            }
    },
    "metrics": {
        "http_req_duration": {
            "min": 199.416285,
            "med": 318.993353,
            "max": 569.817042,
            "p(90)": 518.281212,
            "p(95)": 538.414177,
            "avg": 341.5260440325782
        },
        "checks": {
            "passes": 124541,
            "fails": 0,
            "value": 1
        },
        "data_sent": {
            "count": 8593329,
            "rate": 53686.8559089835
        },
        "http_req_blocked": {
            "avg": 0.006923498406147806,
            "min": 0.000992,
            "med": 0.003577,
            "max": 49.446619,
            "p(90)": 0.005982,
            "p(95)": 0.007194
        },
        "http_req_tls_handshaking": {
            "med": 0,
            "max": 0,
            "p(90)": 0,
            "p(95)": 0,
            "avg": 0,
            "min": 0
        },
        "http_req_receiving": {
            "avg": 0.051987310235184034,
            "min": 0.014227,
            "med": 0.042681,
            "max": 4.309732,
            "p(90)": 0.080142,
            "p(95)": 0.100671
        },
        "vus": {
            "value": 7,
            "min": 4,
            "max": 500
        },
        "iteration_duration": {
            "max": 569.890792,
            "p(90)": 518.379877,
            "p(95)": 538.527716,
            "avg": 341.64761193559116,
            "min": 200.78974,
            "med": 319.165441
        },
        "vus_max": {
            "value": 500,
            "min": 500,
            "max": 500
        },
        "http_reqs": {
            "count": 124541,
            "rate": 778.0703754925146
        },
        "http_req_sending": {
            "med": 0.01027,
            "max": 1.38739,
            "p(90)": 0.017213,
            "p(95)": 0.021811,
            "avg": 0.012898956472166018,
            "min": 0.003557
        },
        "http_req_duration{expected_response:true}": {
            "min": 199.416285,
            "med": 318.993353,
            "max": 569.817042,
            "p(90)": 518.281212,
            "p(95)": 538.414177,
            "avg": 341.5260440325782
        },
        "http_req_waiting": {
            "p(90)": 518.226539,
            "p(95)": 538.355957,
            "avg": 341.46115776586674,
            "min": 199.367272,
            "med": 318.924416,
            "max": 569.776475
        },
        "http_req_connecting": {
            "avg": 0.002249376173308389,
            "min": 0,
            "med": 0,
            "max": 49.399129,
            "p(90)": 0,
            "p(95)": 0
        },
        "iterations": {
            "count": 124541,
            "rate": 778.0703754925146
        },
        "data_received": {
            "count": 17560281,
            "rate": 109707.92294444455
        },
        "http_req_failed": {
            "passes": 0,
            "fails": 124541,
            "thresholds": {
                "rate<0.05": false
            },
            "value": 0
        }
    }
}