{
    "metrics": {
        "vus_max": {
            "value": 500,
            "min": 500,
            "max": 500
        },
        "vus": {
            "value": 12,
            "min": 4,
            "max": 500
        },
        "http_req_tls_handshaking": {
            "max": 0,
            "p(90)": 0,
            "p(95)": 0,
            "avg": 0,
            "min": 0,
            "med": 0
        },
        "http_req_receiving": {
            "avg": 0.05107780147702162,
            "min": 0.013726,
            "med": 0.041579,
            "max": 7.332617,
            "p(90)": 0.0789706,
            "p(95)": 0.09947689999999997
        },
        "http_req_sending": {
            "avg": 0.012635366815171358,
            "min": 0.003487,
            "med": 0.010039,
            "max": 3.590583,
            "p(90)": 0.016973,
            "p(95)": 0.021500299999999986
        },
        "http_req_duration{expected_response:true}": {
            "avg": 341.4158692211101,
            "min": 197.707184,
            "med": 312.298502,
            "max": 571.088258,
            "p(90)": 515.3037816,
            "p(95)": 541.1898763
        },
        "http_req_blocked": {
            "p(95)": 0.007193,
            "avg": 0.007046232566727448,
            "min": 0.001012,
            "med": 0.003547,
            "max": 42.939979,
            "p(90)": 0.005942
        },
        "iteration_duration": {
            "avg": 341.5321264801716,
            "min": 200.818466,
            "med": 312.408739,
            "max": 571.156126,
            "p(90)": 515.4126738,
            "p(95)": 541.2915141999999
        },
        "http_req_duration": {
            "avg": 341.4158692211101,
            "min": 197.707184,
            "med": 312.298502,
            "max": 571.088258,
            "p(90)": 515.3037816,
            "p(95)": 541.1898763
        },
        "http_req_connecting": {
            "avg": 0.0022743023399558492,
            "min": 0,
            "med": 0,
            "max": 42.835539,
            "p(90)": 0,
            "p(95)": 0
        },
        "iterations": {
            "count": 124575,
            "rate": 777.821693894827
        },
        "http_reqs": {
            "count": 124575,
            "rate": 777.821693894827
        },
        "data_sent": {
            "count": 8595675,
            "rate": 53669.69687874306
        },
        "http_req_failed": {
            "passes": 0,
            "fails": 124575,
            "thresholds": {
                "rate<0.05": false
            },
            "value": 0
        },
        "data_received": {
            "rate": 109672.8588391706,
            "count": 17565075
        },
        "http_req_waiting": {
            "avg": 341.35215605281377,
            "min": 197.662028,
            "med": 312.218106,
            "max": 571.03175,
            "p(90)": 515.2381366,
            "p(95)": 541.1280146
        },
        "checks": {
            "passes": 124575,
            "fails": 0,
            "value": 1
        }
    },
    "root_group": {
        "groups": {},
        "checks": {
                "status is 200": {
                    "passes": 124575,
                    "fails": 0,
                    "name": "status is 200",
                    "path": "::status is 200",
                    "id": "6210a8cd14cd70477eba5c5e4cb3fb5f"
                }
            },
        "name": "",
        "path": "",
        "id": "d41d8cd98f00b204e9800998ecf8427e"
    }
}