{
    "root_group": {
        "name": "",
        "path": "",
        "id": "d41d8cd98f00b204e9800998ecf8427e",
        "groups": {},
        "checks": {
                "status is 200": {
                    "path": "::status is 200",
                    "id": "6210a8cd14cd70477eba5c5e4cb3fb5f",
                    "passes": 7912,
                    "fails": 0,
                    "name": "status is 200"
                }
            }
    },
    "metrics": {
        "iteration_duration": {
            "p(90)": 10025.6538585,
            "p(95)": 10028.8294231,
            "avg": 5369.567030882835,
            "min": 202.161674,
            "med": 6016.415326,
            "max": 10034.401337
        },
        "http_req_waiting": {
            "max": 10034.279926,
            "p(90)": 10025.389829700001,
            "p(95)": 10028.7018284,
            "avg": 5369.180858128427,
            "min": 202.059399,
            "med": 6016.141164000001
        },
        "checks": {
            "passes": 7912,
            "fails": 0,
            "value": 1
        },
        "http_req_blocked": {
            "med": 0.002765,
            "max": 15.705279,
            "p(90)": 0.005179000000000005,
            "p(95)": 0.30156649999999996,
            "avg": 0.031075732052578447,
            "min": 0.001072
        },
        "http_req_failed": {
            "passes": 0,
            "fails": 7912,
            "thresholds": {
                "rate<0.05": false
            },
            "value": 0
        },
        "http_req_duration{expected_response:true}": {
            "max": 10034.326965,
            "p(90)": 10025.4440178,
            "p(95)": 10028.73880365,
            "avg": 5369.246050129026,
            "min": 202.107791,
            "med": 6016.171550999999
        },
        "vus_max": {
            "value": 500,
            "min": 500,
            "max": 500
        },
        "http_req_sending": {
            "p(90)": 0.01919090000000003,
            "p(95)": 0.07775995,
            "avg": 0.01574508379676446,
            "min": 0.003787,
            "med": 0.009608,
            "max": 0.593704
        },
        "http_req_receiving": {
            "avg": 0.04944691683518706,
            "min": 0.014467,
            "med": 0.041283,
            "max": 0.457087,
            "p(90)": 0.07432200000000004,
            "p(95)": 0.08890195
        },
        "http_req_duration": {
            "p(95)": 10028.73880365,
            "avg": 5369.246050129026,
            "min": 202.107791,
            "med": 6016.171550999999,
            "max": 10034.326965,
            "p(90)": 10025.4440178
        },
        "http_req_connecting": {
            "avg": 0.02162396777047523,
            "min": 0,
            "med": 0,
            "max": 15.523704,
            "p(90)": 0,
            "p(95)": 0.21535595
        },
        "http_req_tls_handshaking": {
            "min": 0,
            "med": 0,
            "max": 0,
            "p(90)": 0,
            "p(95)": 0,
            "avg": 0
        },
        "http_reqs": {
            "count": 7912,
            "rate": 47.952652631157015
        },
        "vus": {
            "value": 1,
            "min": 1,
            "max": 500
        },
        "iterations": {
            "count": 7912,
            "rate": 47.952652631157015
        },
        "data_sent": {
            "count": 563385,
            "rate": 3414.5355412796252
        },
        "data_received": {
            "count": 909880,
            "rate": 5514.555052583057
        }
    }
}