{
    "root_group": {
        "groups": {},
        "checks": {
                "status is 200": {
                    "name": "status is 200",
                    "path": "::status is 200",
                    "id": "6210a8cd14cd70477eba5c5e4cb3fb5f",
                    "passes": 7867,
                    "fails": 0
                }
            },
        "name": "",
        "path": "",
        "id": "d41d8cd98f00b204e9800998ecf8427e"
    },
    "metrics": {
        "http_req_sending": {
            "avg": 0.018615466505656576,
            "min": 0.004669,
            "med": 0.012173,
            "max": 0.710359,
            "p(90)": 0.022797600000000005,
            "p(95)": 0.08471459999999999
        },
        "vus": {
            "max": 500,
            "value": 26,
            "min": 4
        },
        "checks": {
            "passes": 7867,
            "fails": 0,
            "value": 1
        },
        "http_req_duration": {
            "avg": 5410.839822567179,
            "min": 201.266872,
            "med": 6058.974416,
            "max": 10282.526526,
            "p(90)": 10074.849681,
            "p(95)": 10082.556214
        },
        "http_req_blocked": {
            "avg": 0.035841464090504524,
            "min": 0.001272,
            "med": 0.003757,
            "max": 24.635947,
            "p(90)": 0.0064460000000000055,
            "p(95)": 0.3237334
        },
        "http_req_connecting": {
            "p(90)": 0,
            "p(95)": 0.22788699999999995,
            "avg": 0.024854277488242017,
            "min": 0,
            "med": 0,
            "max": 24.479761
        },
        "http_req_waiting": {
            "avg": 5410.760711472614,
            "min": 201.214172,
            "med": 6058.900471,
            "max": 10282.43377,
            "p(90)": 10074.796843,
            "p(95)": 10082.4880628
        },
        "iterations": {
            "count": 7867,
            "rate": 47.70888255400295
        },
        "http_req_duration{expected_response:true}": {
            "avg": 5410.839822567179,
            "min": 201.266872,
            "med": 6058.974416,
            "max": 10282.526526,
            "p(90)": 10074.849681,
            "p(95)": 10082.556214
        },
        "data_sent": {
            "count": 559659,
            "rate": 3394.013664839295
        },
        "http_reqs": {
            "count": 7867,
            "rate": 47.70888255400295
        },
        "http_req_tls_handshaking": {
            "p(90)": 0,
            "p(95)": 0,
            "avg": 0,
            "min": 0,
            "med": 0,
            "max": 0
        },
        "vus_max": {
            "value": 500,
            "min": 500,
            "max": 500
        },
        "iteration_duration": {
            "min": 201.327667,
            "med": 6059.398591,
            "max": 10282.836059,
            "p(90)": 10075.4333682,
            "p(95)": 10082.7105154,
            "avg": 5411.183533611043
        },
        "http_req_failed": {
            "passes": 0,
            "fails": 7867,
            "thresholds": {
                "rate<0.05": false
            },
            "value": 0
        },
        "data_received": {
            "count": 904705,
            "rate": 5486.521493710338
        },
        "http_req_receiving": {
            "p(90)": 0.09127700000000005,
            "p(95)": 0.11278969999999994,
            "avg": 0.06049562806660741,
            "min": 0.018364,
            "med": 0.049605,
            "max": 0.831304
        }
    }
}