{
    "root_group": {
        "name": "",
        "path": "",
        "id": "d41d8cd98f00b204e9800998ecf8427e",
        "groups": {},
        "checks": {
                "status is 200": {
                    "name": "status is 200",
                    "path": "::status is 200",
                    "id": "6210a8cd14cd70477eba5c5e4cb3fb5f",
                    "passes": 7859,
                    "fails": 0
                }
            }
    },
    "metrics": {
        "http_req_duration": {
            "max": 10300.654032,
            "p(90)": 10095.005014800001,
            "p(95)": 10097.6435416,
            "avg": 5416.547882829869,
            "min": 201.546487,
            "med": 6068.774839
        },
        "iterations": {
            "count": 7859,
            "rate": 47.643298565226374
        },
        "http_req_connecting": {
            "p(95)": 0.23427219999999993,
            "avg": 0.024753642320905954,
            "min": 0,
            "med": 0,
            "max": 21.973154,
            "p(90)": 0
        },
        "vus": {
            "value": 25,
            "min": 4,
            "max": 500
        },
        "http_req_failed": {
            "passes": 0,
            "fails": 7859,
            "thresholds": {
                "rate<0.05": false
            },
            "value": 0
        },
        "http_req_tls_handshaking": {
            "avg": 0,
            "min": 0,
            "med": 0,
            "max": 0,
            "p(90)": 0,
            "p(95)": 0
        },
        "checks": {
            "passes": 7859,
            "fails": 0,
            "value": 1
        },
        "data_sent": {
            "count": 559452,
            "rate": 3391.543283994532
        },
        "http_reqs": {
            "rate": 47.643298565226374,
            "count": 7859
        },
        "http_req_blocked": {
            "p(95)": 0.32654789999999967,
            "avg": 0.036081772108410876,
            "min": 0.001273,
            "med": 0.003717,
            "max": 22.103019,
            "p(90)": 0.006123999999999998
        },
        "http_req_sending": {
            "p(95)": 0.08576689999999987,
            "avg": 0.019084817279552056,
            "min": 0.004468,
            "med": 0.011702,
            "max": 0.631008,
            "p(90)": 0.022378999999999996
        },
        "http_req_waiting": {
            "avg": 5416.472740391912,
            "min": 201.467717,
            "med": 6068.705131,
            "max": 10300.579901,
            "p(90)": 10094.946080400001,
            "p(95)": 10097.5775659
        },
        "data_received": {
            "count": 903785,
            "rate": 5478.979335001033
        },
        "iteration_duration": {
            "p(90)": 10095.1255956,
            "p(95)": 10097.8867523,
            "avg": 5416.89871322192,
            "min": 201.740064,
            "med": 6069.283732,
            "max": 10300.720909
        },
        "http_req_receiving": {
            "med": 0.04748,
            "max": 0.604779,
            "p(90)": 0.08154700000000001,
            "p(95)": 0.09104899999999996,
            "avg": 0.05605762068965527,
            "min": 0.016593
        },
        "vus_max": {
            "value": 500,
            "min": 500,
            "max": 500
        },
        "http_req_duration{expected_response:true}": {
            "avg": 5416.547882829869,
            "min": 201.546487,
            "med": 6068.774839,
            "max": 10300.654032,
            "p(90)": 10095.005014800001,
            "p(95)": 10097.6435416
        }
    }
}