{
    "root_group": {
        "path": "",
        "id": "d41d8cd98f00b204e9800998ecf8427e",
        "groups": {},
        "checks": {
                "status is 200": {
                    "id": "6210a8cd14cd70477eba5c5e4cb3fb5f",
                    "passes": 210435,
                    "fails": 0,
                    "name": "status is 200",
                    "path": "::status is 200"
                }
            },
        "name": ""
    },
    "metrics": {
        "http_req_duration": {
            "max": 231.690634,
            "p(90)": 203.1459774,
            "p(95)": 204.31704069999998,
            "avg": 201.964698288397,
            "min": 198.536491,
            "med": 201.576623
        },
        "http_req_duration{expected_response:true}": {
            "med": 201.576623,
            "max": 231.690634,
            "p(90)": 203.1459774,
            "p(95)": 204.31704069999998,
            "avg": 201.964698288397,
            "min": 198.536491
        },
        "http_req_blocked": {
            "avg": 0.008692728752346586,
            "min": 0.000972,
            "med": 0.003246,
            "max": 42.876486,
            "p(90)": 0.00549,
            "p(95)": 0.006903
        },
        "http_req_receiving": {
            "max": 4.526796,
            "p(90)": 0.073562,
            "p(95)": 0.095341,
            "avg": 0.047180017107419134,
            "min": 0.013566,
            "med": 0.036189
        },
        "http_req_sending": {
            "avg": 0.012811770152303599,
            "min": 0.003477,
            "med": 0.009388,
            "max": 6.20527,
            "p(90)": 0.01587,
            "p(95)": 0.02133
        },
        "data_sent": {
            "count": 14520015,
            "rate": 90663.38530498798
        },
        "http_reqs": {
            "count": 210435,
            "rate": 1313.962105869391
        },
        "http_req_connecting": {
            "max": 42.813676,
            "p(90)": 0,
            "p(95)": 0,
            "avg": 0.003918857652006558,
            "min": 0,
            "med": 0
        },
        "http_req_tls_handshaking": {
            "med": 0,
            "max": 0,
            "p(90)": 0,
            "p(95)": 0,
            "avg": 0,
            "min": 0
        },
        "checks": {
            "passes": 210435,
            "fails": 0,
            "value": 1
        },
        "data_received": {
            "rate": 151326.18750033656,
            "count": 24235346
        },
        "http_req_waiting": {
            "avg": 201.90470650113528,
            "min": 198.50432,
            "med": 201.520713,
            "max": 231.562041,
            "p(90)": 203.06634559999998,
            "p(95)": 204.224491
        },
        "iterations": {
            "count": 210435,
            "rate": 1313.962105869391
        },
        "iteration_duration": {
            "avg": 202.0700883131419,
            "min": 200.666028,
            "med": 201.672634,
            "max": 244.181365,
            "p(90)": 203.2900812,
            "p(95)": 204.4812571
        },
        "vus": {
            "max": 500,
            "value": 6,
            "min": 4
        },
        "vus_max": {
            "value": 500,
            "min": 500,
            "max": 500
        },
        "http_req_failed": {
            "passes": 0,
            "fails": 210435,
            "thresholds": {
                "rate<0.05": false
            },
            "value": 0
        }
    }
}