{
    "root_group": {
        "checks": {
            "status is 200": {
                "passes": 7904,
                "fails": 0,
                "name": "status is 200",
                "path": "::status is 200",
                "id": "6210a8cd14cd70477eba5c5e4cb3fb5f"
            }
        },
        "name": "",
        "path": "",
        "id": "d41d8cd98f00b204e9800998ecf8427e",
        "groups": {}
    },
    "metrics": {
        "data_sent": {
            "rate": 3557.0649310522913,
            "count": 586800
        },
        "iterations": {
            "count": 7904,
            "rate": 47.91247650824354
        },
        "http_req_receiving": {
            "avg": 0.049395738866396595,
            "min": 0.015078,
            "med": 0.0414635,
            "max": 0.686912,
            "p(90)": 0.076893,
            "p(95)": 0.08651649999999997
        },
        "vus": {
            "max": 500,
            "value": 1,
            "min": 1
        },
        "http_req_duration": {
            "avg": 5380.943810998483,
            "min": 200.534904,
            "med": 6035.089098,
            "max": 10063.684337,
            "p(90)": 10061.2853589,
            "p(95)": 10061.912472
        },
        "http_req_connecting": {
            "max": 21.778088,
            "p(90)": 0,
            "p(95)": 0.21894314999999986,
            "avg": 0.021517287575910926,
            "min": 0,
            "med": 0
        },
        "http_req_waiting": {
            "p(95)": 10061.8410751,
            "avg": 5380.878275452189,
            "min": 200.488445,
            "med": 6035.0321935,
            "max": 10063.647295,
            "p(90)": 10061.1950484
        },
        "http_req_tls_handshaking": {
            "avg": 0,
            "min": 0,
            "med": 0,
            "max": 0,
            "p(90)": 0,
            "p(95)": 0
        },
        "checks": {
            "passes": 7904,
            "fails": 0,
            "value": 1
        },
        "data_received": {
            "count": 814112,
            "rate": 4934.985080349085
        },
        "http_req_blocked": {
            "p(90)": 0.005471,
            "p(95)": 0.3117905,
            "avg": 0.031153511260121454,
            "min": 0.001132,
            "med": 0.0032865,
            "max": 21.889749
        },
        "iteration_duration": {
            "min": 200.617119,
            "med": 6035.5823965,
            "max": 10063.763668,
            "p(90)": 10061.742236099999,
            "p(95)": 10062.1374171,
            "avg": 5381.255666910047
        },
        "http_req_sending": {
            "p(95)": 0.08364134999999998,
            "avg": 0.016139807439271348,
            "min": 0.004058,
            "med": 0.0095435,
            "max": 0.591349,
            "p(90)": 0.017549999999999996
        },
        "http_reqs": {
            "count": 7904,
            "rate": 47.91247650824354
        },
        "vus_max": {
            "value": 500,
            "min": 500,
            "max": 500
        },
        "http_req_duration{expected_response:true}": {
            "min": 200.534904,
            "med": 6035.089098,
            "max": 10063.684337,
            "p(90)": 10061.2853589,
            "p(95)": 10061.912472,
            "avg": 5380.943810998483
        },
        "http_req_failed": {
            "passes": 0,
            "fails": 7904,
            "thresholds": {
                "rate<0.05": false
            },
            "value": 0
        }
    }
}