{
    "root_group": {
        "checks": {
            "status is 200": {
                "fails": 0,
                "name": "status is 200",
                "path": "::status is 200",
                "id": "6210a8cd14cd70477eba5c5e4cb3fb5f",
                "passes": 210791
            }
        },
        "name": "",
        "path": "",
        "id": "d41d8cd98f00b204e9800998ecf8427e",
        "groups": {}
    },
    "metrics": {
        "vus_max": {
            "value": 500,
            "min": 500,
            "max": 500
        },
        "http_req_receiving": {
            "avg": 0.04410608439639278,
            "min": 0.012935,
            "med": 0.034586,
            "max": 3.739826,
            "p(90)": 0.065374,
            "p(95)": 0.083148
        },
        "checks": {
            "passes": 210791,
            "fails": 0,
            "value": 1
        },
        "data_sent": {
            "count": 15176952,
            "rate": 94770.47645812023
        },
        "http_req_tls_handshaking": {
            "min": 0,
            "med": 0,
            "max": 0,
            "p(90)": 0,
            "p(95)": 0,
            "avg": 0
        },
        "iterations": {
            "count": 210791,
            "rate": 1316.256617473892
        },
        "http_req_blocked": {
            "avg": 0.004998497606634725,
            "min": 0,
            "med": 0.003186,
            "max": 30.676618,
            "p(90)": 0.00527,
            "p(95)": 0.0063065
        },
        "http_req_duration": {
            "avg": 201.6210557791202,
            "min": 196.815538,
            "med": 201.499634,
            "max": 214.26808,
            "p(90)": 202.425308,
            "p(95)": 202.8728715
        },
        "http_req_duration{expected_response:true}": {
            "med": 201.499634,
            "max": 214.26808,
            "p(90)": 202.425308,
            "p(95)": 202.8728715,
            "avg": 201.6210557791202,
            "min": 196.815538
        },
        "data_received": {
            "count": 21711473,
            "rate": 135574.4315998109
        },
        "http_req_waiting": {
            "avg": 201.56532948650872,
            "min": 196.778718,
            "med": 201.44776,
            "max": 214.169883,
            "p(90)": 202.360557,
            "p(95)": 202.79790200000002
        },
        "iteration_duration": {
            "med": 201.588752,
            "max": 233.150401,
            "p(90)": 202.538298,
            "p(95)": 203.0012945,
            "avg": 201.72133834007226,
            "min": 200.417108
        },
        "http_req_sending": {
            "p(95)": 0.018556,
            "avg": 0.011620208215720651,
            "min": 0.003406,
            "med": 0.009127,
            "max": 2.376152,
            "p(90)": 0.014948
        },
        "http_req_failed": {
            "passes": 0,
            "fails": 210791,
            "thresholds": {
                "rate<0.05": false
            },
            "value": 0
        },
        "http_reqs": {
            "count": 210791,
            "rate": 1316.256617473892
        },
        "http_req_connecting": {
            "avg": 0.0009863389044124282,
            "min": -3.301082,
            "med": 0,
            "max": 30.574595,
            "p(90)": 0,
            "p(95)": 0
        },
        "vus": {
            "value": 3,
            "min": 3,
            "max": 500
        }
    }
}