{
    "metrics": {
        "vus": {
            "value": 2,
            "min": 2,
            "max": 500
        },
        "vus_max": {
            "value": 500,
            "min": 500,
            "max": 500
        },
        "http_req_connecting": {
            "avg": 0.02216483610934521,
            "min": 0,
            "med": 0,
            "max": 14.199572,
            "p(90)": 0,
            "p(95)": 0.22768279999999985
        },
        "data_sent": {
            "count": 560004,
            "rate": 3394.0257001552545
        },
        "http_req_duration": {
            "p(90)": 10079.0253938,
            "p(95)": 10083.7221964,
            "avg": 5405.421965945965,
            "min": 202.225747,
            "med": 6052.950764,
            "max": 10091.189992
        },
        "iterations": {
            "count": 7865,
            "rate": 47.66753832422818
        },
        "http_req_sending": {
            "avg": 0.018695011188811207,
            "min": 0.004479,
            "med": 0.012113,
            "max": 0.643652,
            "p(90)": 0.02633,
            "p(95)": 0.08156139999999996
        },
        "checks": {
            "passes": 7865,
            "fails": 0,
            "value": 1
        },
        "http_reqs": {
            "count": 7865,
            "rate": 47.66753832422818
        },
        "http_req_duration{expected_response:true}": {
            "min": 202.225747,
            "med": 6052.950764,
            "max": 10091.189992,
            "p(90)": 10079.0253938,
            "p(95)": 10083.7221964,
            "avg": 5405.421965945965
        },
        "iteration_duration": {
            "p(90)": 10079.8923982,
            "p(95)": 10083.8333936,
            "avg": 5405.772703406862,
            "min": 202.28511,
            "med": 6053.237199,
            "max": 10091.397285
        },
        "http_req_receiving": {
            "avg": 0.06052294736172922,
            "min": 0.01599,
            "med": 0.051729,
            "max": 0.831968,
            "p(90)": 0.08713700000000003,
            "p(95)": 0.10319599999999997
        },
        "http_req_failed": {
            "passes": 0,
            "fails": 7865,
            "thresholds": {
                "rate<0.05": false
            },
            "value": 0
        },
        "http_req_tls_handshaking": {
            "max": 0,
            "p(90)": 0,
            "p(95)": 0,
            "avg": 0,
            "min": 0,
            "med": 0
        },
        "http_req_blocked": {
            "p(95)": 0.3181331999999994,
            "avg": 0.03297253846153841,
            "min": 0.001162,
            "med": 0.003737,
            "max": 14.274255,
            "p(90)": 0.006127400000000003
        },
        "data_received": {
            "count": 1108965,
            "rate": 6721.122903716174
        },
        "http_req_waiting": {
            "p(95)": 10083.6535486,
            "avg": 5405.342747987409,
            "min": 202.16356,
            "med": 6052.882535,
            "max": 10091.056584,
            "p(90)": 10078.9704054
        }
    },
    "root_group": {
        "name": "",
        "path": "",
        "id": "d41d8cd98f00b204e9800998ecf8427e",
        "groups": {},
        "checks": {
                "status is 200": {
                    "name": "status is 200",
                    "path": "::status is 200",
                    "id": "6210a8cd14cd70477eba5c5e4cb3fb5f",
                    "passes": 7865,
                    "fails": 0
                }
            }
    }
}