{
    "metrics": {
        "http_req_tls_handshaking": {
            "min": 0,
            "med": 0,
            "max": 0,
            "p(90)": 0,
            "p(95)": 0,
            "avg": 0
        },
        "iteration_duration": {
            "med": 6059.7354395,
            "max": 10093.884264,
            "p(90)": 10078.6490725,
            "p(95)": 10085.739728499999,
            "avg": 5403.98292286299,
            "min": 202.246171
        },
        "http_req_failed": {
            "passes": 0,
            "fails": 7862,
            "thresholds": {
                "rate<0.05": false
            },
            "value": 0
        },
        "http_req_connecting": {
            "med": 0,
            "max": 36.626058,
            "p(90)": 0,
            "p(95)": 0.23913349999999997,
            "avg": 0.026551243958280353,
            "min": 0
        },
        "http_req_waiting": {
            "min": 202.125702,
            "med": 6059.035046999999,
            "max": 10093.642022,
            "p(90)": 10077.1325984,
            "p(95)": 10085.526660649999,
            "avg": 5403.536141584967
        },
        "data_sent": {
            "count": 560073,
            "rate": 3396.3624713643776
        },
        "data_received": {
            "count": 1108542,
            "rate": 6722.3566333874505
        },
        "http_req_duration{expected_response:true}": {
            "max": 10093.764314,
            "p(90)": 10077.2235146,
            "p(95)": 10085.59828565,
            "avg": 5403.613581879156,
            "min": 202.175537,
            "med": 6059.1121965
        },
        "http_req_duration": {
            "avg": 5403.613581879156,
            "min": 202.175537,
            "med": 6059.1121965,
            "max": 10093.764314,
            "p(90)": 10077.2235146,
            "p(95)": 10085.59828565
        },
        "checks": {
            "passes": 7862,
            "fails": 0,
            "value": 1
        },
        "vus": {
            "min": 4,
            "max": 500,
            "value": 23
        },
        "http_reqs": {
            "count": 7862,
            "rate": 47.67628818005284
        },
        "vus_max": {
            "min": 500,
            "max": 500,
            "value": 500
        },
        "http_req_receiving": {
            "p(95)": 0.09858499999999999,
            "avg": 0.05887823798015764,
            "min": 0.018465,
            "med": 0.050296,
            "max": 1.174262,
            "p(90)": 0.08478800000000002
        },
        "http_req_blocked": {
            "p(95)": 0.33925445,
            "avg": 0.03785233515644908,
            "min": 0.001213,
            "med": 0.003737,
            "max": 36.745516,
            "p(90)": 0.006172
        },
        "http_req_sending": {
            "min": 0.004418,
            "med": 0.011632,
            "max": 0.407744,
            "p(90)": 0.024083900000000064,
            "p(95)": 0.08679034999999997,
            "avg": 0.01856205621979144
        },
        "iterations": {
            "count": 7862,
            "rate": 47.67628818005284
        }
    },
    "root_group": {
        "checks": {
            "status is 200": {
                "path": "::status is 200",
                "id": "6210a8cd14cd70477eba5c5e4cb3fb5f",
                "passes": 7862,
                "fails": 0,
                "name": "status is 200"
            }
        },
        "name": "",
        "path": "",
        "id": "d41d8cd98f00b204e9800998ecf8427e",
        "groups": {}
    }
}