{
    "root_group": {
        "checks": {
            "status is 200": {
                "name": "status is 200",
                "path": "::status is 200",
                "id": "6210a8cd14cd70477eba5c5e4cb3fb5f",
                "passes": 7864,
                "fails": 0
            }
        },
        "name": "",
        "path": "",
        "id": "d41d8cd98f00b204e9800998ecf8427e",
        "groups": {}
    },
    "metrics": {
        "http_req_connecting": {
            "max": 20.705948,
            "p(90)": 0,
            "p(95)": 0.2368297999999999,
            "avg": 0.023876877161749743,
            "min": 0,
            "med": 0
        },
        "http_req_receiving": {
            "p(90)": 0.0871963,
            "p(95)": 0.1029045,
            "avg": 0.060640676627670476,
            "min": 0.017674,
            "med": 0.0513225,
            "max": 0.542541
        },
        "http_req_duration{expected_response:true}": {
            "avg": 5404.645846158703,
            "min": 202.191178,
            "med": 6055.8897575,
            "max": 10090.335308,
            "p(90)": 10072.450472,
            "p(95)": 10080.4909264
        },
        "iteration_duration": {
            "med": 6056.004675,
            "max": 10091.921986,
            "p(90)": 10072.9986655,
            "p(95)": 10080.573093750001,
            "avg": 5405.029204390267,
            "min": 202.350336
        },
        "http_req_duration": {
            "avg": 5404.645846158703,
            "min": 202.191178,
            "med": 6055.8897575,
            "max": 10090.335308,
            "p(90)": 10072.450472,
            "p(95)": 10080.4909264
        },
        "http_req_sending": {
            "med": 0.012138,
            "max": 0.530708,
            "p(90)": 0.024009299999999997,
            "p(95)": 0.0826252,
            "avg": 0.01868976487792469,
            "min": 0.004239
        },
        "data_sent": {
            "count": 560280,
            "rate": 3396.581026783037
        },
        "http_req_failed": {
            "passes": 0,
            "fails": 7864,
            "thresholds": {
                "rate<0.05": false
            },
            "value": 0
        },
        "http_req_waiting": {
            "max": 10090.300643,
            "p(90)": 10072.3840831,
            "p(95)": 10080.436703399999,
            "avg": 5404.566515717198,
            "min": 202.131274,
            "med": 6055.7905279999995
        },
        "vus_max": {
            "value": 500,
            "min": 500,
            "max": 500
        },
        "iterations": {
            "count": 7864,
            "rate": 47.67386520065289
        },
        "http_req_blocked": {
            "max": 20.824513,
            "p(90)": 0.006362,
            "p(95)": 0.33199249999999997,
            "avg": 0.034960611648016414,
            "min": 0.001293,
            "med": 0.003817
        },
        "data_received": {
            "count": 1108824,
            "rate": 6722.014993292058
        },
        "checks": {
            "passes": 7864,
            "fails": 0,
            "value": 1
        },
        "http_req_tls_handshaking": {
            "med": 0,
            "max": 0,
            "p(90)": 0,
            "p(95)": 0,
            "avg": 0,
            "min": 0
        },
        "http_reqs": {
            "count": 7864,
            "rate": 47.67386520065289
        },
        "vus": {
            "value": 21,
            "min": 4,
            "max": 500
        }
    }
}