{
    "root_group": {
        "name": "",
        "path": "",
        "id": "d41d8cd98f00b204e9800998ecf8427e",
        "groups": {},
        "checks": {
                "status is 200": {
                    "id": "6210a8cd14cd70477eba5c5e4cb3fb5f",
                    "passes": 7862,
                    "fails": 0,
                    "name": "status is 200",
                    "path": "::status is 200"
                }
            }
    },
    "metrics": {
        "http_req_blocked": {
            "max": 21.148399,
            "p(90)": 0.006302,
            "p(95)": 0.3241426,
            "avg": 0.03549202594759621,
            "min": 0.001293,
            "med": 0.003757
        },
        "http_req_failed": {
            "passes": 0,
            "fails": 7862,
            "thresholds": {
                "rate<0.05": false
            },
            "value": 0
        },
        "http_req_tls_handshaking": {
            "max": 0,
            "p(90)": 0,
            "p(95)": 0,
            "avg": 0,
            "min": 0,
            "med": 0
        },
        "http_req_duration{expected_response:true}": {
            "max": 10083.686832,
            "p(90)": 10071.7358436,
            "p(95)": 10079.21068615,
            "avg": 5402.690928855771,
            "min": 202.265863,
            "med": 6054.3178315000005
        },
        "data_received": {
            "count": 1108542,
            "rate": 6719.524995672786
        },
        "vus": {
            "value": 2,
            "min": 2,
            "max": 500
        },
        "iterations": {
            "count": 7862,
            "rate": 47.656205643069406
        },
        "data_sent": {
            "count": 560349,
            "rate": 3396.604830308865
        },
        "iteration_duration": {
            "med": 6054.545629,
            "max": 10084.95399,
            "p(90)": 10071.8991696,
            "p(95)": 10079.883759299999,
            "avg": 5403.071672590318,
            "min": 202.321068
        },
        "http_req_waiting": {
            "avg": 5402.6088046273235,
            "min": 202.19562,
            "med": 6054.227378,
            "max": 10083.637758,
            "p(90)": 10071.6674677,
            "p(95)": 10079.161343049998
        },
        "http_req_connecting": {
            "med": 0,
            "max": 21.038349,
            "p(90)": 0,
            "p(95)": 0.23033139999999996,
            "avg": 0.02441237636733657,
            "min": 0
        },
        "vus_max": {
            "value": 500,
            "min": 500,
            "max": 500
        },
        "http_req_receiving": {
            "p(90)": 0.092214,
            "p(95)": 0.11386004999999998,
            "avg": 0.06316601615365039,
            "min": 0.018415,
            "med": 0.053096500000000005,
            "max": 1.531853
        },
        "checks": {
            "passes": 7862,
            "fails": 0,
            "value": 1
        },
        "http_req_duration": {
            "avg": 5402.690928855771,
            "min": 202.265863,
            "med": 6054.3178315000005,
            "max": 10083.686832,
            "p(90)": 10071.7358436,
            "p(95)": 10079.21068615
        },
        "http_req_sending": {
            "avg": 0.018958212286949928,
            "min": 0.004248,
            "med": 0.012213,
            "max": 0.418265,
            "p(90)": 0.022467900000000027,
            "p(95)": 0.08488079999999999
        },
        "http_reqs": {
            "rate": 47.656205643069406,
            "count": 7862
        }
    }
}